ID	Name	Age	Marks	Grade
1	Vihaan Gupta	30	83	D
2	Krishna Gupta	23	79	D
3	Ishaan Gupta	25	55	D
4	Vihaan Singh	28	74	B
5	Aditya Sharma	27	74	A
6	Arjun Reddy	23	75	C
7	Aarav Mehta	29	71	C
8	Vivaan Sharma	29	96	B
9	Vivaan Patel	23	71	C
10	Vivaan Patel	28	69	B
11	Krishna Sharma	27	58	C
12	Ananya Mehta	30	100	C
13	Vivaan Sharma	20	89	C
14	Aditya Jadhav	24	56	D
15	Vivaan Gupta	24	56	A
16	Sai Jadhav	30	89	B
17	Ishaan Singh	30	82	D
18	Arjun Desai	29	84	B
19	Aarav Mehta	24	54	B
20	Aarav Reddy	28	68	E
21	Ishaan Reddy	18	91	C
22	Krishna Sharma	30	83	C
23	Sai Reddy	18	73	D
24	Sai Verma	22	88	D
25	Ishaan Verma	26	60	D
26	Aarav Sharma	18	99	A
27	Reyansh Jadhav	29	65	E
28	Vivaan Mehta	18	54	D
29	Aarav Jadhav	26	73	C
30	Reyansh Mehta	20	95	C
31	Vivaan Reddy	19	78	E
32	Vihaan Jadhav	28	82	D
33	Arjun Patel	27	81	A
34	Aditya Desai	28	100	D
35	Aarav Reddy	25	74	D
36	Vivaan Kumar	21	71	C
37	Reyansh Gupta	21	62	D
38	Ishaan Desai	25	72	A
39	Sai Patel	21	59	B
40	Arjun Gupta	29	74	C
41	Reyansh Kumar	28	71	E
42	Krishna Gupta	23	69	E
43	Vivaan Sharma	30	76	D
44	Vihaan Reddy	28	53	C
45	Ishaan Sharma	22	93	A
46	Arjun Mehta	19	55	A
47	Ananya Jadhav	27	90	E
48	Krishna Desai	22	63	D
49	Aditya Desai	22	78	A
50	Krishna Verma	21	84	A
51	Ishaan Jadhav	30	74	E
52	Krishna Singh	21	83	A
53	Aarav Verma	24	75	D
54	Arjun Verma	28	94	D
55	Arjun Sharma	21	99	B
56	Arjun Jadhav	19	77	B
57	Aditya Kumar	25	53	B
58	Aditya Gupta	28	55	C
59	Sai Gupta	18	52	C
60	Aarav Kumar	19	59	B
61	Reyansh Desai	21	71	D
62	Ishaan Sharma	25	66	B
63	Ananya Mehta	30	57	D
64	Aditya Reddy	23	86	A
65	Sai Verma	21	71	D
66	Vihaan Jadhav	19	53	A
67	Reyansh Reddy	26	68	D
68	Krishna Mehta	27	100	E
69	Krishna Sharma	20	67	B
70	Ishaan Kumar	29	68	E
71	Krishna Mehta	22	80	E
72	Vivaan Verma	18	91	E
73	Arjun Jadhav	22	51	D
74	Sai Patel	24	57	D
75	Ishaan Jadhav	18	91	A
76	Ananya Verma	29	72	C
77	Krishna Desai	27	95	E
78	Krishna Singh	24	87	C
79	Arjun Gupta	28	60	B
80	Ananya Reddy	26	92	A
81	Krishna Desai	25	72	E
82	Aditya Verma	27	96	C
83	Vihaan Sharma	21	77	D
84	Reyansh Gupta	26	64	D
85	Krishna Verma	19	65	D
86	Aditya Sharma	24	70	A
87	Ananya Jadhav	20	55	B
88	Ishaan Desai	29	89	E
89	Krishna Jadhav	27	86	B
90	Aditya Reddy	29	72	E
91	Krishna Jadhav	26	75	D
92	Vihaan Kumar	30	72	B
93	Krishna Reddy	20	78	D
94	Vihaan Gupta	24	65	B
95	Arjun Desai	23	60	B
96	Vivaan Desai	29	79	B
97	Aarav Gupta	25	62	A
98	Ananya Verma	23	90	C
99	Arjun Singh	23	97	D
100	Aditya Kumar	26	96	A
101	Sai Kumar	23	57	D
102	Vihaan Verma	19	53	D
103	Ananya Mehta	27	69	D
104	Krishna Mehta	27	82	A
105	Reyansh Mehta	30	51	A
106	Vihaan Mehta	30	65	E
107	Reyansh Sharma	29	57	C
108	Vihaan Sharma	26	68	D
109	Aarav Desai	19	67	C
110	Sai Kumar	27	71	D
111	Reyansh Kumar	29	93	A
112	Arjun Sharma	29	55	B
113	Vihaan Reddy	20	96	A
114	Aarav Kumar	25	99	B
115	Aarav Kumar	22	94	E
116	Ananya Sharma	18	81	C
117	Ishaan Kumar	21	84	B
118	Ishaan Singh	27	84	C
119	Sai Patel	18	57	C
120	Ananya Mehta	22	98	B
121	Vivaan Reddy	25	84	E
122	Aarav Sharma	20	99	E
123	Krishna Patel	30	79	B
124	Reyansh Desai	21	56	D
125	Ishaan Patel	24	52	C
126	Sai Verma	18	88	B
127	Reyansh Gupta	25	83	C
128	Arjun Sharma	24	63	E
129	Ananya Gupta	21	84	A
130	Aditya Mehta	19	95	A
131	Vivaan Gupta	30	72	C
132	Arjun Gupta	24	83	D
133	Aarav Mehta	29	56	E
134	Ishaan Mehta	23	100	C
135	Aditya Kumar	24	67	B
136	Aarav Desai	18	95	B
137	Vivaan Gupta	27	100	C
138	Krishna Sharma	24	87	B
139	Vivaan Singh	24	56	C
140	Aditya Verma	30	74	A
141	Vihaan Kumar	18	79	E
142	Aditya Mehta	28	76	B
143	Aarav Reddy	24	89	A
144	Vivaan Desai	23	75	E
145	Ananya Gupta	28	100	B
146	Aditya Verma	24	93	C
147	Ishaan Mehta	18	80	C
148	Vihaan Kumar	29	94	A
149	Reyansh Gupta	28	77	C
150	Vihaan Kumar	23	79	E
151	Aarav Reddy	29	71	D
152	Aditya Reddy	29	89	D
153	Vihaan Kumar	29	60	A
154	Vivaan Desai	18	60	D
155	Aarav Jadhav	29	66	E
156	Aditya Patel	27	87	E
157	Ananya Gupta	26	58	A
158	Vivaan Patel	23	70	C
159	Sai Mehta	28	54	A
160	Arjun Gupta	22	84	A
161	Sai Kumar	18	58	C
162	Ananya Desai	29	71	B
163	Vihaan Sharma	26	84	A
164	Aditya Reddy	20	78	A
165	Vivaan Mehta	27	73	D
166	Vihaan Reddy	18	72	C
167	Vihaan Desai	27	52	C
168	Aditya Desai	21	52	B
169	Vihaan Gupta	20	70	C
170	Vihaan Jadhav	21	69	C
171	Ananya Kumar	28	90	C
172	Vivaan Reddy	21	98	B
173	Aditya Kumar	26	55	B
174	Ishaan Verma	22	70	C
175	Aarav Kumar	26	81	D
176	Krishna Reddy	27	76	E
177	Krishna Sharma	28	62	B
178	Aarav Desai	22	81	A
179	Ishaan Desai	30	87	E
180	Reyansh Desai	20	94	A
181	Vivaan Desai	18	54	C
182	Vihaan Sharma	21	91	B
183	Ishaan Patel	26	73	D
184	Ishaan Sharma	19	72	E
185	Ananya Singh	25	65	A
186	Ananya Reddy	18	74	B
187	Ishaan Gupta	24	67	E
188	Arjun Patel	28	53	E
189	Ananya Kumar	26	75	E
190	Ananya Patel	20	83	D
191	Vivaan Gupta	23	63	D
192	Krishna Singh	27	83	B
193	Arjun Mehta	18	71	C
194	Aditya Gupta	25	51	E
195	Aarav Sharma	26	100	D
196	Arjun Singh	21	79	A
197	Arjun Kumar	20	87	B
198	Vihaan Kumar	25	98	A
199	Sai Singh	30	64	B
200	Aditya Sharma	24	76	A
201	Arjun Patel	21	93	B
202	Reyansh Reddy	20	74	A
203	Aditya Jadhav	25	70	B
204	Krishna Reddy	25	56	E
205	Vihaan Gupta	29	93	D
206	Vihaan Reddy	29	93	E
207	Vihaan Singh	27	88	C
208	Vihaan Jadhav	22	50	B
209	Aarav Mehta	18	70	C
210	Aditya Kumar	23	62	B
211	Ishaan Mehta	24	91	D
212	Ananya Mehta	20	79	C
213	Arjun Verma	20	100	B
214	Sai Jadhav	22	58	B
215	Ishaan Kumar	23	69	E
216	Reyansh Verma	21	60	D
217	Arjun Gupta	20	53	E
218	Aditya Gupta	28	84	E
219	Reyansh Sharma	26	87	B
220	Aditya Patel	21	93	B
221	Aditya Mehta	20	75	A
222	Sai Verma	27	61	E
223	Ishaan Kumar	27	69	B
224	Arjun Desai	22	95	E
225	Ananya Jadhav	29	86	B
226	Ishaan Desai	29	84	E
227	Aarav Jadhav	26	68	D
228	Sai Patel	28	58	A
229	Ananya Jadhav	20	73	B
230	Reyansh Mehta	19	50	A
231	Aditya Gupta	30	56	D
232	Aarav Patel	21	91	E
233	Arjun Mehta	23	54	B
234	Sai Reddy	26	57	D
235	Sai Verma	23	61	C
236	Arjun Sharma	22	65	D
237	Sai Desai	26	88	E
238	Sai Singh	22	82	A
239	Vihaan Verma	30	75	C
240	Arjun Jadhav	20	90	D
241	Vivaan Patel	19	58	E
242	Arjun Gupta	21	99	D
243	Sai Reddy	24	80	B
244	Aditya Reddy	22	54	D
245	Aditya Desai	29	52	B
246	Vivaan Patel	24	50	C
247	Arjun Singh	23	91	C
248	Reyansh Mehta	29	96	E
249	Vihaan Jadhav	20	72	A
250	Vivaan Gupta	18	85	D
251	Arjun Jadhav	26	90	A
252	Vivaan Reddy	21	91	B
253	Aarav Sharma	26	50	C
254	Vihaan Verma	21	57	D
255	Vivaan Verma	28	50	E
256	Reyansh Mehta	25	85	B
257	Sai Jadhav	27	77	E
258	Vihaan Singh	29	55	E
259	Vivaan Reddy	25	80	E
260	Reyansh Jadhav	21	58	A
261	Ananya Patel	23	55	B
262	Ishaan Desai	24	89	A
263	Aarav Jadhav	23	52	E
264	Aarav Desai	25	64	E
265	Ishaan Desai	21	95	A
266	Arjun Jadhav	22	72	E
267	Sai Patel	19	83	B
268	Arjun Reddy	30	91	C
269	Ananya Gupta	18	51	A
270	Krishna Singh	18	89	B
271	Krishna Reddy	18	54	C
272	Krishna Sharma	18	62	A
273	Vihaan Reddy	18	76	C
274	Krishna Reddy	18	78	D
275	Aarav Verma	28	72	A
276	Sai Mehta	29	93	C
277	Reyansh Verma	28	86	E
278	Reyansh Mehta	30	100	B
279	Aarav Patel	20	88	E
280	Vivaan Gupta	30	96	A
281	Krishna Sharma	30	71	D
282	Vivaan Verma	29	88	C
283	Krishna Sharma	30	95	C
284	Aditya Gupta	18	77	C
285	Ananya Jadhav	28	69	A
286	Krishna Reddy	23	63	B
287	Vihaan Gupta	22	84	A
288	Arjun Desai	24	74	A
289	Ananya Mehta	27	69	D
290	Krishna Singh	19	84	A
291	Reyansh Desai	30	76	C
292	Sai Desai	26	58	E
293	Ishaan Kumar	24	57	D
294	Ishaan Gupta	29	64	E
295	Aditya Reddy	22	63	E
296	Krishna Singh	28	97	C
297	Vihaan Desai	21	71	B
298	Vihaan Desai	23	64	D
299	Aditya Desai	23	76	C
300	Vihaan Patel	30	98	C
301	Ishaan Kumar	28	86	C
302	Ananya Jadhav	27	67	E
303	Krishna Desai	23	54	D
304	Aarav Singh	24	92	B
305	Krishna Patel	18	86	C
306	Arjun Patel	30	95	B
307	Vihaan Reddy	23	87	B
308	Reyansh Patel	21	56	D
309	Arjun Reddy	20	86	A
310	Aditya Singh	29	100	E
311	Vivaan Verma	18	85	C
312	Vihaan Reddy	20	56	D
313	Vivaan Verma	26	58	C
314	Vivaan Reddy	30	55	C
315	Ananya Patel	25	55	C
316	Aditya Verma	27	72	A
317	Aarav Sharma	28	52	B
318	Krishna Kumar	27	54	A
319	Aarav Reddy	26	81	A
320	Aarav Mehta	27	79	D
321	Ishaan Patel	21	85	C
322	Aditya Desai	24	54	C
323	Ishaan Desai	28	90	B
324	Vihaan Patel	30	90	D
325	Aarav Reddy	26	51	C
326	Reyansh Gupta	25	92	A
327	Vihaan Patel	27	67	E
328	Ananya Gupta	26	74	C
329	Sai Sharma	29	63	D
330	Vivaan Desai	25	80	A
331	Arjun Kumar	19	65	D
332	Ananya Jadhav	27	65	E
333	Arjun Singh	23	88	D
334	Vihaan Jadhav	20	66	B
335	Ishaan Singh	27	98	B
336	Aditya Verma	28	87	B
337	Reyansh Sharma	24	51	C
338	Vivaan Gupta	27	54	E
339	Vivaan Gupta	26	93	D
340	Vihaan Jadhav	20	78	A
341	Vihaan Jadhav	25	72	C
342	Vihaan Gupta	29	54	A
343	Sai Sharma	23	81	D
344	Vihaan Jadhav	28	66	C
345	Vihaan Kumar	18	96	E
346	Reyansh Reddy	23	76	D
347	Aditya Gupta	27	74	A
348	Aarav Singh	27	66	B
349	Sai Patel	27	90	A
350	Aarav Mehta	24	98	D
351	Ananya Verma	23	76	C
352	Ananya Gupta	22	62	C
353	Ananya Desai	25	70	D
354	Ananya Reddy	19	97	A
355	Reyansh Sharma	24	68	C
356	Arjun Sharma	26	73	E
357	Reyansh Jadhav	30	91	B
358	Aditya Verma	27	90	D
359	Arjun Verma	27	64	C
360	Sai Patel	30	73	A
361	Reyansh Desai	30	100	D
362	Ishaan Reddy	23	92	B
363	Vivaan Sharma	23	50	A
364	Arjun Reddy	20	84	D
365	Vivaan Desai	20	89	A
366	Vihaan Singh	21	67	E
367	Ananya Reddy	19	82	B
368	Vivaan Verma	23	77	B
369	Reyansh Desai	29	85	B
370	Reyansh Reddy	25	79	A
371	Aditya Verma	27	57	B
372	Reyansh Patel	24	97	A
373	Krishna Kumar	20	75	A
374	Aarav Jadhav	20	82	A
375	Aarav Jadhav	27	73	D
376	Vihaan Singh	19	82	D
377	Ananya Desai	27	87	D
378	Aditya Sharma	28	95	A
379	Vivaan Sharma	30	64	A
380	Krishna Gupta	28	67	B
381	Arjun Singh	21	60	B
382	Vivaan Reddy	29	50	E
383	Krishna Jadhav	30	93	E
384	Vihaan Reddy	18	57	A
385	Aditya Desai	19	95	C
386	Krishna Reddy	25	53	D
387	Vihaan Jadhav	19	66	B
388	Vihaan Singh	25	75	D
389	Aarav Singh	23	79	D
390	Aditya Reddy	25	95	A
391	Reyansh Patel	21	82	E
392	Vihaan Patel	25	59	A
393	Arjun Reddy	20	60	C
394	Krishna Singh	26	87	D
395	Aarav Gupta	22	69	D
396	Arjun Patel	21	60	B
397	Reyansh Mehta	27	97	D
398	Vihaan Kumar	27	65	C
399	Aditya Sharma	30	76	A
400	Aditya Kumar	25	71	A
401	Arjun Verma	30	96	C
402	Ananya Kumar	24	70	A
403	Vivaan Jadhav	25	68	D
404	Ananya Kumar	26	83	E
405	Aditya Sharma	24	87	D
406	Vivaan Verma	26	66	A
407	Vivaan Sharma	19	66	B
408	Arjun Singh	21	52	C
409	Vihaan Gupta	23	73	C
410	Aarav Desai	21	85	D
411	Vihaan Gupta	23	67	E
412	Arjun Patel	18	76	A
413	Vivaan Reddy	26	55	E
414	Vihaan Patel	21	86	D
415	Aditya Verma	24	54	A
416	Krishna Mehta	30	100	A
417	Sai Reddy	30	54	A
418	Reyansh Mehta	28	100	A
419	Krishna Reddy	21	83	B
420	Sai Jadhav	24	87	A
421	Ananya Sharma	20	54	A
422	Aarav Reddy	22	54	C
423	Krishna Gupta	24	93	E
424	Aditya Kumar	27	58	C
425	Arjun Gupta	30	55	E
426	Aditya Kumar	22	99	D
427	Vihaan Gupta	25	97	C
428	Krishna Patel	26	87	B
429	Reyansh Jadhav	24	72	A
430	Krishna Verma	24	88	C
431	Vihaan Mehta	19	91	C
432	Ananya Gupta	26	67	C
433	Vivaan Reddy	20	91	E
434	Aditya Kumar	20	92	C
435	Arjun Desai	25	56	B
436	Arjun Singh	24	86	C
437	Krishna Mehta	28	96	A
438	Vivaan Reddy	25	55	D
439	Arjun Sharma	30	78	D
440	Sai Verma	19	52	E
441	Krishna Kumar	20	60	B
442	Aarav Sharma	25	72	A
443	Aditya Jadhav	20	56	D
444	Ishaan Jadhav	30	70	D
445	Vivaan Kumar	19	93	C
446	Ananya Desai	25	75	D
447	Reyansh Jadhav	23	68	C
448	Vivaan Sharma	29	66	A
449	Vihaan Singh	23	74	A
450	Krishna Desai	19	80	C
451	Sai Jadhav	20	57	E
452	Reyansh Mehta	24	52	B
453	Vivaan Jadhav	27	99	A
454	Krishna Singh	30	77	B
455	Aarav Patel	24	93	D
456	Ananya Reddy	21	67	C
457	Vihaan Verma	29	92	D
458	Vivaan Patel	26	95	E
459	Krishna Patel	19	97	C
460	Sai Desai	28	61	B
461	Vivaan Singh	18	65	A
462	Vihaan Kumar	22	70	D
463	Ishaan Sharma	29	93	A
464	Vihaan Patel	19	59	C
465	Arjun Mehta	27	67	D
466	Vivaan Sharma	22	71	E
467	Ananya Mehta	26	61	E
468	Sai Gupta	24	94	E
469	Ishaan Mehta	26	83	E
470	Reyansh Verma	26	95	B
471	Ananya Patel	24	51	D
472	Vihaan Desai	19	70	D
473	Vihaan Reddy	28	63	C
474	Ananya Gupta	25	60	A
475	Aarav Jadhav	24	54	C
476	Arjun Jadhav	22	57	B
477	Vivaan Desai	29	86	D
478	Ishaan Gupta	22	74	E
479	Ishaan Reddy	19	61	D
480	Krishna Mehta	22	70	A
481	Arjun Jadhav	22	50	C
482	Ishaan Kumar	29	81	D
483	Sai Kumar	23	74	E
484	Krishna Verma	22	93	D
485	Ishaan Singh	27	99	B
486	Reyansh Jadhav	27	80	D
487	Krishna Gupta	25	87	C
488	Aditya Jadhav	28	65	C
489	Reyansh Singh	18	78	E
490	Sai Kumar	27	85	B
491	Aditya Patel	28	87	B
492	Vihaan Mehta	25	70	B
493	Aarav Jadhav	30	60	C
494	Aditya Jadhav	24	76	B
495	Ishaan Jadhav	23	80	E
496	Krishna Singh	30	68	B
497	Aarav Reddy	30	84	E
498	Ishaan Desai	20	76	D
499	Aditya Jadhav	26	73	B
500	Vivaan Jadhav	23	79	D